,loss,accuracy,auc,recall,precision,f1_score,val_loss,val_accuracy,val_auc,val_recall,val_precision,val_f1_score,lr
0,0.5048729777336121,0.8662512302398682,0.9940328001976013,0.7589579820632935,0.9679727554321289,0.8400877714157104,0.25135213136672974,0.938427209854126,0.9986652731895447,0.8886972665786743,0.978773295879364,0.9312622547149658,0.01
1,0.23841342329978943,0.9421374797821045,0.9986412525177002,0.8975503444671631,0.978227972984314,0.9359566569328308,0.1805204302072525,0.9549869298934937,0.999187707901001,0.9243273138999939,0.9825057983398438,0.9523716568946838,0.01
2,0.18640495836734772,0.953758180141449,0.9991019368171692,0.9225097894668579,0.9817366003990173,0.9510700106620789,0.14872848987579346,0.9630005359649658,0.9994093775749207,0.9390865564346313,0.9847622513771057,0.9602670073509216,0.01
3,0.15943694114685059,0.9609220623970032,0.999264657497406,0.9354364275932312,0.9833456873893738,0.9587090611457825,0.13071198761463165,0.9677174091339111,0.9995124936103821,0.9472776651382446,0.9859578609466553,0.9662526249885559,0.01
4,0.14185859262943268,0.9652013778686523,0.9994198679924011,0.9431391954421997,0.9844491481781006,0.9632747769355774,0.11919104307889938,0.9700504541397095,0.9995861053466797,0.9523749351501465,0.98634272813797,0.9690914154052734,0.01
5,0.12863676249980927,0.9680605530738831,0.9994840621948242,0.9489273428916931,0.9857485294342041,0.9669228196144104,0.11063575744628906,0.9716734886169434,0.9996317028999329,0.9556716680526733,0.9862343072891235,0.9705572724342346,0.01
6,0.11859063059091568,0.9710782766342163,0.9995427131652832,0.9538532495498657,0.9866356253623962,0.9699146747589111,0.10432817041873932,0.9730682373046875,0.999632716178894,0.958664059638977,0.9867658615112305,0.9725350737571716,0.01
7,0.11154265701770782,0.9723334908485413,0.9995955228805542,0.9563828110694885,0.9870384931564331,0.9714210033416748,0.09826137125492096,0.9751477241516113,0.99966961145401,0.9617578983306885,0.9873730540275574,0.9744330048561096,0.01
8,0.10460556298494339,0.9747172594070435,0.9995989203453064,0.9600979089736938,0.9880475401878357,0.9738299250602722,0.0938362330198288,0.9758831262588501,0.9996846914291382,0.9635584354400635,0.9872167706489563,0.9752729535102844,0.01
9,0.1000794842839241,0.9755097031593323,0.9996340274810791,0.9622153639793396,0.9877970218658447,0.9747666120529175,0.09056620299816132,0.9766439199447632,0.9996843934059143,0.9649025201797485,0.9877725839614868,0.9762386679649353,0.01
10,0.09525452554225922,0.9766255021095276,0.9996450543403625,0.9638002514839172,0.9885619282722473,0.9759765863418579,0.08626408129930496,0.9774300456047058,0.9997121095657349,0.9666776657104492,0.9881532788276672,0.9773178100585938,0.01
11,0.09045474231243134,0.9777920246124268,0.9996861815452576,0.9657085537910461,0.989245593547821,0.9772849082946777,0.08339069783687592,0.9784190654754639,0.999721348285675,0.96799635887146,0.9883227348327637,0.9780876040458679,0.01
12,0.0875125452876091,0.9788380861282349,0.9996709227561951,0.9672617316246033,0.9894165992736816,0.9781741499900818,0.08160822838544846,0.9786219596862793,0.9997273087501526,0.9684274792671204,0.9885581135749817,0.978411853313446,0.01
13,0.08398141711950302,0.9795354008674622,0.9997344017028809,0.9683077931404114,0.9897164702415466,0.9788562655448914,0.07937151193618774,0.979179859161377,0.9997323155403137,0.9696700572967529,0.9885215163230896,0.9790308475494385,0.01
14,0.08071990311145782,0.9807083010673523,0.9997240304946899,0.9701780080795288,0.9902099967002869,0.980065107345581,0.07744832336902618,0.9795856475830078,0.9997377395629883,0.9706337451934814,0.9887115359306335,0.979615330696106,0.01
15,0.0790967121720314,0.9809871912002563,0.9997342228889465,0.9710402488708496,0.9903722405433655,0.980563223361969,0.07520239800214767,0.9806760549545288,0.9997457265853882,0.9718509912490845,0.9892359375953674,0.9804949164390564,0.01
16,0.07545100897550583,0.9817289710044861,0.9997768998146057,0.9719594717025757,0.9907204508781433,0.9812164306640625,0.07456184923648834,0.9801181554794312,0.9997215867042542,0.9714959263801575,0.9888745546340942,0.9801389575004578,0.01
17,0.07455480098724365,0.9816972613334656,0.9997775554656982,0.9726568460464478,0.9906182885169983,0.9815167784690857,0.0731886625289917,0.98039710521698,0.9997255206108093,0.9723328351974487,0.9888074994087219,0.9805328249931335,0.01
18,0.0718739852309227,0.9826862812042236,0.9997807145118713,0.9736711978912354,0.9909923076629639,0.9821987152099609,0.07187597453594208,0.9805746674537659,0.9997407793998718,0.9725103378295898,0.9891411066055298,0.980776309967041,0.01
19,0.07013782858848572,0.9832060933113098,0.999774158000946,0.9744129180908203,0.9913123250007629,0.9827683568000793,0.0703883096575737,0.9810311198234558,0.9997453093528748,0.9733218550682068,0.9891500473022461,0.9811978936195374,0.01
20,0.06824027001857758,0.9838020205497742,0.9998131990432739,0.9751293063163757,0.9915870428085327,0.9832449555397034,0.06921485811471939,0.9812086224555969,0.9997358322143555,0.973676860332489,0.9890010952949524,0.9809769988059998,0.01
21,0.06698047369718552,0.9838971495628357,0.9997893571853638,0.9758330583572388,0.9916505813598633,0.9836481213569641,0.06892834603786469,0.9811071753501892,0.999724268913269,0.973905086517334,0.9889526963233948,0.9813991785049438,0.01
22,0.06509264558553696,0.9846135377883911,0.9998214840888977,0.9766191840171814,0.9918296337127686,0.984115719795227,0.06726528704166412,0.9818426370620728,0.9997528195381165,0.9747926592826843,0.9894717931747437,0.981925904750824,0.01
23,0.064772829413414,0.9844803810119629,0.9998120665550232,0.9760485887527466,0.9918248653411865,0.9838376045227051,0.06743375957012177,0.9815636873245239,0.9997392296791077,0.9745391011238098,0.9887816905975342,0.9813053607940674,0.01
24,0.06283438205718994,0.985069990158081,0.9998200535774231,0.9773165583610535,0.9920332431793213,0.9845911264419556,0.06596581637859344,0.9820454716682434,0.9997432827949524,0.9749955534934998,0.9889649152755737,0.9819560050964355,0.01
25,0.06120452657341957,0.985589861869812,0.9998217821121216,0.9780455827713013,0.992205023765564,0.9850452542304993,0.06522815674543381,0.9825780391693115,0.9997207522392273,0.9754266738891602,0.9892749786376953,0.9823184013366699,0.01
26,0.0598871186375618,0.986039936542511,0.9998442530632019,0.9783879518508911,0.9924182891845703,0.9853175282478333,0.06379376351833344,0.9826540946960449,0.9997619390487671,0.976060688495636,0.9894598722457886,0.9827378392219543,0.01
27,0.059516649693250656,0.9857610464096069,0.9998373985290527,0.9785907864570618,0.9922667741775513,0.9853634238243103,0.06323012709617615,0.9829331040382385,0.9997380971908569,0.9761367440223694,0.9897914528846741,0.9829437136650085,0.01
28,0.058287736028432846,0.9863062500953674,0.9998525977134705,0.9789711833000183,0.9926269054412842,0.9857194423675537,0.06269097328186035,0.9827555418014526,0.9997389912605286,0.9769482612609863,0.9893423318862915,0.9831348657608032,0.01
29,0.05710713937878609,0.9869021773338318,0.9998408555984497,0.980042576789856,0.9929728507995605,0.986431896686554,0.062234554439783096,0.9824512600898743,0.9997408390045166,0.9768468141555786,0.9895445108413696,0.983177900314331,0.01
30,0.05628542974591255,0.9866612553596497,0.9998438954353333,0.9799094796180725,0.9930803775787354,0.9864296913146973,0.06193270534276962,0.9828316569328308,0.9997158646583557,0.977049708366394,0.9893941879272461,0.9832093119621277,0.01
31,0.054392825812101364,0.9875361323356628,0.9998731017112732,0.9810823202133179,0.993247926235199,0.9870808720588684,0.06095157563686371,0.9834656119346619,0.9997434020042419,0.9777090549468994,0.9897568821907043,0.9837281107902527,0.01
32,0.05445694923400879,0.986914873123169,0.9998873472213745,0.9807589650154114,0.9929715991020203,0.9868045449256897,0.060371723026037216,0.9834910035133362,0.9997076392173767,0.9776329398155212,0.9897561073303223,0.9833433032035828,0.01
33,0.053467463701963425,0.9874220490455627,0.9998522400856018,0.9813612699508667,0.993122398853302,0.9871885776519775,0.059949472546577454,0.9836177825927734,0.9997342228889465,0.977734386920929,0.9897063374519348,0.9837142825126648,0.01
34,0.05280480533838272,0.9876756072044373,0.9998695254325867,0.9813929796218872,0.993269145488739,0.9872763752937317,0.05925570800900459,0.9836685061454773,0.9997360706329346,0.9783176779747009,0.9898901581764221,0.9840974807739258,0.01
35,0.0519702173769474,0.9879418611526489,0.9998522400856018,0.9818747639656067,0.9935018420219421,0.9876373410224915,0.05913598835468292,0.9835670590400696,0.9997103810310364,0.9779880046844482,0.9897089600563049,0.9838424921035767,0.01
36,0.05063127726316452,0.9884173274040222,0.9998900294303894,0.9823185801506042,0.993657648563385,0.9879327416419983,0.058444999158382416,0.9838714003562927,0.9997003078460693,0.9781147837638855,0.9897611141204834,0.9839276075363159,0.01
37,0.050435878336429596,0.988290548324585,0.9998645782470703,0.9825975298881531,0.9936339855194092,0.9880545139312744,0.05805902183055878,0.9838714003562927,0.9997255206108093,0.9784444570541382,0.989713728427887,0.9840750694274902,0.01
38,0.0498601570725441,0.9882969260215759,0.9998727440834045,0.9827306270599365,0.9935838580131531,0.9881123304367065,0.057594235986471176,0.9840489029884338,0.9997268319129944,0.9790023565292358,0.9898971915245056,0.9841049909591675,0.01
39,0.0489455945789814,0.9887723922729492,0.9998831748962402,0.9830856323242188,0.9940065145492554,0.988500714302063,0.057399243116378784,0.9839474558830261,0.9997149705886841,0.9789009094238281,0.989718496799469,0.9843043684959412,0.01
40,0.04812579229474068,0.9891337156295776,0.9998879432678223,0.9834533929824829,0.9941425323486328,0.9887405037879944,0.05777391791343689,0.983769953250885,0.9997125267982483,0.9785966277122498,0.9897660613059998,0.9841703772544861,0.01
41,0.04729903116822243,0.9891337156295776,0.9998941421508789,0.9835801720619202,0.9941369295120239,0.9888158440589905,0.05674445256590843,0.9840489029884338,0.999740719795227,0.979306697845459,0.989595890045166,0.984451174736023,0.01
42,0.047190405428409576,0.9891464114189148,0.9998934864997864,0.9836435317993164,0.9938825368881226,0.9887229204177856,0.05665391683578491,0.9843531847000122,0.9997287392616272,0.9790784120559692,0.9899486899375916,0.9845128655433655,0.01
43,0.046332843601703644,0.9893873333930969,0.99988853931427,0.9842838644981384,0.9940201640129089,0.9891119003295898,0.0556999146938324,0.9843024611473083,0.9997066855430603,0.9796617031097412,0.9901322722434998,0.984359085559845,0.01
44,0.04597829282283783,0.989628255367279,0.9999143481254578,0.984309196472168,0.994230329990387,0.9892167448997498,0.056302495300769806,0.9838714003562927,0.9997042417526245,0.9795856475830078,0.9894974231719971,0.9845417141914368,0.01
45,0.0452616922557354,0.9898374676704407,0.9999065399169922,0.9845374822616577,0.994359016418457,0.9893884062767029,0.05482883006334305,0.9843278527259827,0.9997211694717407,0.9797631502151489,0.9901332855224609,0.9846111536026001,0.01
46,0.04522267356514931,0.9896155595779419,0.999919593334198,0.9846325516700745,0.9942704439163208,0.9893954396247864,0.055028416216373444,0.9845307469367981,0.9997326731681824,0.9796363711357117,0.9900305271148682,0.9848368167877197,0.01
47,0.04448965936899185,0.9899515509605408,0.9998898506164551,0.9846832752227783,0.9942452311515808,0.9894305467605591,0.05548309162259102,0.9841249585151672,0.9997181296348572,0.9797631502151489,0.9899049401283264,0.9848347306251526,0.01
48,0.04369404911994934,0.9903066158294678,0.9999004602432251,0.985069990158081,0.9946038722991943,0.9898021221160889,0.055030904710292816,0.9842771291732788,0.9996955394744873,0.9798138737678528,0.9897786378860474,0.9847992062568665,0.01
49,0.04341134801506996,0.9903066158294678,0.9999157190322876,0.9855137467384338,0.9945554137229919,0.9900007247924805,0.05433700606226921,0.9847843050956726,0.9997087121009827,0.9801181554794312,0.9903651475906372,0.9852378964424133,0.01
50,0.04223758354783058,0.9908961653709412,0.9999160170555115,0.985938549041748,0.9948058724403381,0.9903411269187927,0.05387851223349571,0.9848604202270508,0.9997102618217468,0.980168879032135,0.9902133941650391,0.9851878881454468,0.01
51,0.04237630218267441,0.9903066158294678,0.9999198913574219,0.9857483506202698,0.9946075677871704,0.9901387095451355,0.053805965930223465,0.9846828579902649,0.9996981024742126,0.9805746674537659,0.9898625016212463,0.9852243661880493,0.01
52,0.04201488941907883,0.9907884001731873,0.9999239444732666,0.9859448671340942,0.9947358965873718,0.990308403968811,0.05354521423578262,0.9846828579902649,0.9997103810310364,0.9804478287696838,0.9900640249252319,0.9849204421043396,0.01
53,0.041318345814943314,0.9906806349754333,0.9999014139175415,0.9861350655555725,0.994743287563324,0.9904091358184814,0.05328158661723137,0.984581470489502,0.9997116923332214,0.9806507229804993,0.9899646639823914,0.9853100776672363,0.01
54,0.04057851433753967,0.990953266620636,0.9999441504478455,0.9864267110824585,0.9949929118156433,0.9906721711158752,0.05324508249759674,0.984581470489502,0.9997111558914185,0.9806253910064697,0.9898377060890198,0.9852373003959656,0.01
55,0.04060044139623642,0.9910039305686951,0.9999525547027588,0.9864203333854675,0.9950819611549377,0.9907201528549194,0.05290680378675461,0.9848604202270508,0.9997117519378662,0.9805746674537659,0.9901413321495056,0.9853571653366089,0.01
56,0.04042128473520279,0.9906933307647705,0.9999182224273682,0.9864140152931213,0.9946175813674927,0.9904888272285461,0.05279035493731499,0.9850632548332214,0.9997243881225586,0.9808028936386108,0.9900676012039185,0.9854402542114258,0.01
57,0.04019623249769211,0.9909595847129822,0.9999342560768127,0.9866105318069458,0.9948856830596924,0.9907196760177612,0.052751801908016205,0.9850632548332214,0.9997247457504272,0.9807014465332031,0.9899144768714905,0.9853151440620422,0.01
58,0.03972979262471199,0.9911878108978271,0.9999248385429382,0.9866295456886292,0.9950193762779236,0.9907940626144409,0.05245647206902504,0.9848350286483765,0.9997257590293884,0.9807775020599365,0.9900673031806946,0.9854282140731812,0.01
59,0.03901820629835129,0.9911370873451233,0.9999394416809082,0.9867182970046997,0.9947273135185242,0.9906973838806152,0.05192933231592178,0.984987199306488,0.9997268319129944,0.9810818433761597,0.9902477860450745,0.9856699705123901,0.01
60,0.03914220631122589,0.9912828803062439,0.9999192953109741,0.9868894815444946,0.9950397610664368,0.990936279296875,0.05171649158000946,0.9849364757537842,0.9997148513793945,0.9813354015350342,0.9901742339134216,0.9857569932937622,0.01
61,0.038390275090932846,0.9915428161621094,0.9999372959136963,0.9871874451637268,0.9949904084205627,0.991049587726593,0.051431428641080856,0.9853675961494446,0.9997150897979736,0.9810818433761597,0.9901463985443115,0.9856194257736206,0.01
62,0.03837087005376816,0.9912575483322144,0.9999361634254456,0.9871430993080139,0.9949202537536621,0.9910063743591309,0.05144080892205238,0.9851900935173035,0.9997156262397766,0.9814368486404419,0.9900739192962646,0.9857633113861084,0.01
63,0.03784933313727379,0.9915428161621094,0.9999373555183411,0.9877009391784668,0.9949675798416138,0.9913115501403809,0.05114814639091492,0.9855197668075562,0.9997159242630005,0.9814622402191162,0.9900742173194885,0.985770583152771,0.01
64,0.037788789719343185,0.9913462996482849,0.9999281764030457,0.9874283671379089,0.9952331781387329,0.9912983775138855,0.05099155008792877,0.9855197668075562,0.9997038245201111,0.9815636873245239,0.9902778267860413,0.985590934753418,0.01
65,0.037234194576740265,0.9917393326759338,0.9999511241912842,0.9876185655593872,0.995164155960083,0.991358757019043,0.05123049393296242,0.98557049036026,0.9996911287307739,0.981386125087738,0.9904281497001648,0.985910177230835,0.01
66,0.03691991791129112,0.9915428161621094,0.9999355673789978,0.9875551462173462,0.9950684905052185,0.9912888407707214,0.05060597136616707,0.9854690432548523,0.9997172355651855,0.9815636873245239,0.9901511669158936,0.9858642220497131,0.01
67,0.03655390441417694,0.9920373558998108,0.999949038028717,0.9880115985870361,0.9954394102096558,0.9916948676109314,0.05045013874769211,0.98557049036026,0.9997051358222961,0.9818172454833984,0.9902296662330627,0.9860310554504395,0.01
68,0.03629576414823532,0.9919359087944031,0.9999488592147827,0.9880242943763733,0.9952487945556641,0.9915987253189087,0.050612833350896835,0.9851139783859253,0.9996796250343323,0.981386125087738,0.990098774433136,0.9857531189918518,0.01
69,0.03638811036944389,0.991694986820221,0.9999327063560486,0.9881003499031067,0.9951919317245483,0.9915962815284729,0.05060982704162598,0.9854183197021484,0.9997043609619141,0.9814622402191162,0.9899728894233704,0.9857251644134521,0.01
70,0.035425178706645966,0.992335319519043,0.9999473690986633,0.9884807467460632,0.9955369234085083,0.9919860363006592,0.050010062754154205,0.985798716545105,0.9996939301490784,0.9818172454833984,0.9903563261032104,0.986094057559967,0.01
71,0.03569132834672928,0.992043673992157,0.9999465942382812,0.9885187745094299,0.9951812624931335,0.9918317794799805,0.04994022846221924,0.9857479929924011,0.9996935725212097,0.9818172454833984,0.9902043342590332,0.9860188961029053,0.01
72,0.035418931394815445,0.9920056462287903,0.9999449253082275,0.9880306124687195,0.9955857396125793,0.9917626976966858,0.04959500953555107,0.9857226014137268,0.999694287776947,0.9817665219306946,0.9904065132141113,0.9860898852348328,0.01
73,0.03463941439986229,0.992335319519043,0.9999514222145081,0.9887343645095825,0.9954618215560913,0.9920656085014343,0.04953048750758171,0.9857226014137268,0.9996945261955261,0.9819186925888062,0.9904333353042603,0.986179769039154,0.01
74,0.03477688133716583,0.9924430847167969,0.9999439716339111,0.9887470006942749,0.9956271052360535,0.9921666383743286,0.04983185976743698,0.9856211543083191,0.9997059106826782,0.9818679690361023,0.9901542067527771,0.9860187768936157,0.01
75,0.034274689853191376,0.9925761818885803,0.9999462366104126,0.9887216687202454,0.9957032203674316,0.9921903014183044,0.04929205775260925,0.9856972694396973,0.9997075200080872,0.9819947481155396,0.9904340505599976,0.9862185716629028,0.01
76,0.0338248647749424,0.9927220344543457,0.9999494552612305,0.9890956878662109,0.9957684278488159,0.9923980832099915,0.049401745200157166,0.9859001636505127,0.9997196197509766,0.9820708632469177,0.9902321696281433,0.9858242273330688,0.01
77,0.033781617879867554,0.9927283525466919,0.9999371767044067,0.9888864755630493,0.9956213235855103,0.992221474647522,0.049644988030195236,0.9856465458869934,0.999681293964386,0.9819947481155396,0.9902567267417908,0.9861287474632263,0.01
78,0.03365042805671692,0.9927220344543457,0.9999590516090393,0.9890893697738647,0.9957493543624878,0.9923996925354004,0.049577292054891586,0.9857226014137268,0.9996814131736755,0.9821215867996216,0.9901061058044434,0.9861215949058533,0.01
79,0.03383038192987442,0.9925635457038879,0.9999523162841797,0.9891400933265686,0.9957495331764221,0.9923976063728333,0.04920542240142822,0.9855450987815857,0.9997076988220215,0.9822230339050293,0.990081787109375,0.9861588478088379,0.01
80,0.032359372824430466,0.9932418465614319,0.9999643564224243,0.9897613525390625,0.9960825443267822,0.992896556854248,0.04865768924355507,0.985798716545105,0.9997085928916931,0.9822990894317627,0.9899560213088989,0.9858051538467407,0.005
81,0.032434556633234024,0.9929312467575073,0.9999638795852661,0.9896789789199829,0.995917022228241,0.992780327796936,0.048720698803663254,0.9858747720718384,0.9996833801269531,0.9824005365371704,0.9903619885444641,0.986391544342041,0.005
82,0.03202607110142708,0.9930960536003113,0.9999626278877258,0.9897297024726868,0.9959807395935059,0.9928366541862488,0.04851063713431358,0.9857733249664307,0.99968421459198,0.9823751449584961,0.9904630184173584,0.9860947728157043,0.005
83,0.03246694058179855,0.992905855178833,0.9999638199806213,0.9896979928016663,0.9957709908485413,0.9927162528038025,0.048502884805202484,0.9859254956245422,0.9996965527534485,0.982197642326355,0.9904613494873047,0.9863373041152954,0.005
84,0.031889453530311584,0.9933432936668396,0.9999647736549377,0.9897423386573792,0.9962096214294434,0.992943286895752,0.04830029979348183,0.9861283898353577,0.9996966123580933,0.9824765920639038,0.9904640316963196,0.9864816069602966,0.005
85,0.032556287944316864,0.9928678274154663,0.9999603033065796,0.9896789789199829,0.9958725571632385,0.9927433729171753,0.04829366132616997,0.98602694272995,0.9996843338012695,0.9824765920639038,0.99043869972229,0.9864629507064819,0.005
86,0.03218870237469673,0.9931594729423523,0.999967634677887,0.9896218776702881,0.9959993958473206,0.9927696585655212,0.04823540151119232,0.9858747720718384,0.9996971487998962,0.9824005365371704,0.990488588809967,0.9864540696144104,0.005
87,0.031900666654109955,0.9929628968238831,0.9999620318412781,0.9897613525390625,0.9959618449211121,0.9928297400474548,0.048281461000442505,0.9859001636505127,0.9997095465660095,0.9824005365371704,0.9903873205184937,0.9864010810852051,0.005
88,0.03184933960437775,0.9930009841918945,0.9999679923057556,0.9896535873413086,0.9959931373596191,0.9928048849105835,0.04807635396718979,0.9860015511512756,0.9996973276138306,0.982552707195282,0.990338146686554,0.9864526391029358,0.005
89,0.031098341569304466,0.9936032295227051,0.9999566078186035,0.9902114868164062,0.9962114095687866,0.9931943416595459,0.04826446622610092,0.9859254956245422,0.9996845126152039,0.9823751449584961,0.9902351498603821,0.986318051815033,0.005
90,0.031531114131212234,0.993362307548523,0.9999555945396423,0.9900656938552856,0.9961409568786621,0.9930880069732666,0.047956693917512894,0.9859254956245422,0.999710202217102,0.9822990894317627,0.9903610348701477,0.9863402843475342,0.005
91,0.03134164586663246,0.99326092004776,0.9999619722366333,0.9900593161582947,0.996109127998352,0.9930679202079773,0.04816098511219025,0.9858494400978088,0.9996973872184753,0.9824005365371704,0.9905645847320557,0.9864926338195801,0.005
92,0.03134782612323761,0.993362307548523,0.9999620914459229,0.9901734590530396,0.9961540699005127,0.9931477308273315,0.047910790890455246,0.9857733249664307,0.9996730089187622,0.9825019836425781,0.9903630018234253,0.986441969871521,0.005
93,0.030969861894845963,0.9932228326797485,0.9999662637710571,0.9901354312896729,0.9958680868148804,0.9929788112640381,0.048050656914711,0.9859762191772461,0.9996719360351562,0.9824258685112,0.9905394911766052,0.9864892959594727,0.005
94,0.031189417466521263,0.9935905337333679,0.99994957447052,0.990312933921814,0.9960275888442993,0.993153989315033,0.04784180223941803,0.9861537218093872,0.9996857047080994,0.9826287627220154,0.9904907941818237,0.9865656495094299,0.005
95,0.031189890578389168,0.9934954643249512,0.9999558925628662,0.990312933921814,0.9960402846336365,0.9931411147117615,0.04790615662932396,0.98602694272995,0.9996727108955383,0.9826540946960449,0.990415096282959,0.9865450263023376,0.005
96,0.031214920803904533,0.9932989478111267,0.9999687671661377,0.9899895787239075,0.9960262775421143,0.9929904937744141,0.047603316605091095,0.9862044453620911,0.9996737837791443,0.9827555418014526,0.9904413819313049,0.9866071343421936,0.005
97,0.03055952675640583,0.993546187877655,0.9999536275863647,0.9903572797775269,0.9962056279182434,0.9932637810707092,0.047720275819301605,0.9861537218093872,0.9996855854988098,0.9826287627220154,0.9905161261558533,0.9865818619728088,0.005
98,0.030449027195572853,0.9937046766281128,0.999970018863678,0.9905158281326294,0.9964349269866943,0.9934458136558533,0.04763844981789589,0.9861029982566833,0.99964839220047,0.9827555418014526,0.9906185865402222,0.9866991639137268,0.005
99,0.03085225820541382,0.9936602711677551,0.9999493360519409,0.9905411601066589,0.9961618185043335,0.9933367371559143,0.04750625044107437,0.9862298369407654,0.9996864199638367,0.9825780391693115,0.9903131127357483,0.9864568114280701,0.005
100,0.03052022121846676,0.9936222434043884,0.9999628067016602,0.9904206991195679,0.9961105585098267,0.9932503700256348,0.04770815744996071,0.9861029982566833,0.9996606707572937,0.9825273156166077,0.9901354312896729,0.9863430261611938,0.005
101,0.030493494123220444,0.9936032295227051,0.9999594688415527,0.990312933921814,0.9962372183799744,0.9932591319084167,0.04729690030217171,0.9863058924674988,0.9996868371963501,0.9829331040382385,0.9904431104660034,0.986700177192688,0.0025
102,0.030370833352208138,0.9935905337333679,0.9999622106552124,0.9905855059623718,0.9961429834365845,0.993349015712738,0.04728366807103157,0.9861537218093872,0.9996867179870605,0.982780933380127,0.9904162883758545,0.9866080284118652,0.0025
103,0.03005097806453705,0.9938631653785706,0.9999601244926453,0.9905601739883423,0.9963842630386353,0.9934565424919128,0.04728592559695244,0.9862298369407654,0.9996742010116577,0.9827048182487488,0.9904409050941467,0.9865821599960327,0.0025
104,0.03034677729010582,0.9934764504432678,0.9999664425849915,0.9902305006980896,0.9962623119354248,0.9932236671447754,0.04718194156885147,0.9862551689147949,0.9996745586395264,0.9829584360122681,0.990418016910553,0.9866985082626343,0.0025
105,0.03016241267323494,0.9936666488647461,0.9999598860740662,0.9907503724098206,0.9961626529693604,0.9934419393539429,0.04719960689544678,0.986432671546936,0.9996744394302368,0.9828062653541565,0.9902647137641907,0.9865463972091675,0.0025
106,0.03052586130797863,0.9934764504432678,0.9999596476554871,0.990433394908905,0.9962058663368225,0.9933034777641296,0.04728483036160469,0.9862044453620911,0.9996867179870605,0.982780933380127,0.9904162883758545,0.986274003982544,0.0025
107,0.030345270410180092,0.9936349391937256,0.9999505877494812,0.9901987910270691,0.9962494969367981,0.9931923747062683,0.047278039157390594,0.9861537218093872,0.9996739625930786,0.9827555418014526,0.9905679821968079,0.986670732498169,0.0025
108,0.030340639874339104,0.993710994720459,0.9999602437019348,0.9906489253044128,0.996187686920166,0.9934037327766418,0.047203488647937775,0.9861029982566833,0.9996743202209473,0.9829077124595642,0.9905188083648682,0.9867238402366638,0.0025
109,0.029802361503243446,0.9938694834709167,0.9999639391899109,0.9907566905021667,0.9962896704673767,0.9935061931610107,0.04712789133191109,0.9861283898353577,0.9996744394302368,0.9829331040382385,0.9905696511268616,0.9867604374885559,0.00125
110,0.029760397970676422,0.9937427043914795,0.9999608397483826,0.9908835291862488,0.9963028430938721,0.9935711622238159,0.04712117463350296,0.9863058924674988,0.9996744990348816,0.9826794862747192,0.9905672669410706,0.9866343140602112,0.00125
111,0.029857242479920387,0.9936856627464294,0.9999605417251587,0.9908201098442078,0.9963153004646301,0.9935458898544312,0.04700202867388725,0.9861791133880615,0.9996749758720398,0.9830598831176758,0.9904190301895142,0.9867508411407471,0.00125
112,0.029720544815063477,0.9936729669570923,0.999973475933075,0.9905855059623718,0.9961175322532654,0.9933366179466248,0.04707266390323639,0.9862298369407654,0.9996747374534607,0.9830091595649719,0.9904691576957703,0.9867523312568665,0.00125
113,0.029932040721178055,0.9935525059700012,0.9999702572822571,0.990433394908905,0.9961296916007996,0.9932503700256348,0.04710182547569275,0.9863058924674988,0.9996746182441711,0.982780933380127,0.9903150796890259,0.9865585565567017,0.00125
114,0.029778707772493362,0.99383145570755,0.99996417760849,0.9908391237258911,0.9963915944099426,0.9935997724533081,0.04706568643450737,0.9860776662826538,0.9996745586395264,0.9829331040382385,0.9904177784919739,0.9866849780082703,0.00125
115,0.030103247612714767,0.9936856627464294,0.9999634027481079,0.9907820820808411,0.9961754679679871,0.9934651255607605,0.04699493944644928,0.9861537218093872,0.9996747970581055,0.9830344915390015,0.9903934597969055,0.9867254495620728,0.00125
116,0.029572682455182076,0.9937300086021423,0.9999640583992004,0.9908391237258911,0.9962264895439148,0.9935120344161987,0.04695688560605049,0.9863058924674988,0.9996753931045532,0.9830598831176758,0.9904190301895142,0.9867461919784546,0.000625
117,0.02964596450328827,0.99383145570755,0.9999700784683228,0.9909151792526245,0.9961442351341248,0.993516206741333,0.04695930331945419,0.9861791133880615,0.9996751546859741,0.9831613302230835,0.9903693795204163,0.9867755174636841,0.000625
118,0.029354244470596313,0.9937871098518372,0.9999715685844421,0.9906362295150757,0.9963972568511963,0.993499755859375,0.04700811579823494,0.9861791133880615,0.9996748566627502,0.9830091595649719,0.9902666807174683,0.9866480231285095,0.000625
119,0.029689883813261986,0.9937744140625,0.9999709725379944,0.9906172156333923,0.9962764382362366,0.9934327602386475,0.046948619186878204,0.9863058924674988,0.9996752142906189,0.9829584360122681,0.9902662038803101,0.9866284728050232,0.000625
120,0.029764574021100998,0.9937680959701538,0.9999510645866394,0.9906235933303833,0.9962891936302185,0.9934408664703369,0.04696249961853027,0.9862805008888245,0.9996749758720398,0.9829837679862976,0.9902917742729187,0.986652135848999,0.0003125
121,0.029293052852153778,0.993939220905304,0.9999556541442871,0.9910356402397156,0.996417760848999,0.9936982989311218,0.04696477949619293,0.9863312244415283,0.9996749758720398,0.9830344915390015,0.9903428554534912,0.9866998791694641,0.0003125
122,0.029610393568873405,0.9937490224838257,0.9999547004699707,0.9907376766204834,0.9962515234947205,0.9934812784194946,0.04696335271000862,0.9862551689147949,0.9996748566627502,0.9830852150917053,0.9902927279472351,0.9867029190063477,0.0003125
123,0.029398569837212563,0.9940216541290283,0.9999681711196899,0.9909976124763489,0.9965001940727234,0.9937354922294617,0.046940214931964874,0.9863058924674988,0.9996752142906189,0.9831106066703796,0.9903941750526428,0.986762285232544,0.0003125
124,0.029033709317445755,0.9939519166946411,0.9999750852584839,0.9910546541213989,0.9964368343353271,0.9937185049057007,0.046946555376052856,0.9863058924674988,0.9996749758720398,0.9830852150917053,0.990368664264679,0.9867354035377502,0.00015625
125,0.029749983921647072,0.9937236905097961,0.9999580383300781,0.990889847278595,0.9964108467102051,0.9936352372169495,0.04693523049354553,0.9862298369407654,0.9996750950813293,0.9830598831176758,0.9903430938720703,0.9867118000984192,0.00015625
126,0.029633313417434692,0.9937744140625,0.9999669790267944,0.9908454418182373,0.996340811252594,0.9935778975486755,0.04693179950118065,0.9862298369407654,0.9996750950813293,0.9830852150917053,0.9903433322906494,0.9867238402366638,0.00015625
127,0.02947467379271984,0.9938694834709167,0.9999707937240601,0.9906743168830872,0.9964037537574768,0.9935234189033508,0.046938177198171616,0.9862044453620911,0.9996749758720398,0.9831106066703796,0.9902676939964294,0.9867002367973328,0.00015625
